Actual,Predicted
41,44.50456554218548
30,32.9064913485936
25,42.25758212101303
83,60.74695627588662
49,51.94236175106494
62,50.29906207455568
27,23.772144533559135
30,30.48555614264186
31,53.072122467703046
34,42.511429620192594
