,coef,std_err,t,p,ci_low,ci_high
Intercept,112.21840235719296,6.851608369582319,16.378402895207202,9.812635367340952e-52,98.76767389084819,125.66913082353773
seconds_after_rat_arrival,-0.0019587127048700417,0.0038195896348908556,-0.5128071055010106,0.6082380666847762,-0.009457136470575405,0.005539711060835322
hours_after_sunset_d1,-4.199140959468629,0.4923354241221322,-8.529024631847252,8.177394695373332e-17,-5.165668779947835,-3.2326131389894224
season,-5.175230804202238,3.8667910234730214,-1.3383787157843405,0.18118077318863005,-12.766317931093237,2.4158563226887617
rat_arrival_number,0.9876672247558168,0.6168000607160593,1.601276147102204,0.1097391148220753,-0.223203228895409,2.1985376784070425
food_availability,-12.601074236423289,1.640754060465437,-7.680050618219228,5.000369091151804e-14,-15.822119012617726,-9.380029460228851
rat_minutes,-1.1461625912893167,0.5184827822499505,-2.210608781096947,0.02736564294729152,-2.164021573054818,-0.12830360952381592
season:rat_minutes,0.519227625771965,0.5319392119015842,0.9761033105941229,0.3293296834220557,-0.5250483330896203,1.5635035846335503
