Actual,Predicted
11.0,8.669396242375567
5.0,5.237049406788743
1.0,4.473722203205704
2.0,2.194210831831562
1.0,8.188696424112951
2.0,4.402954672549155
1.0,5.705006399508818
5.0,3.328890989174504
0.081091814,3.6588977104271647
22.0,8.540920498598185
